{"cameraMode":{"drawMode":0,"name":"Shaded","section":"Shading Mode"},"sceneLighting":false,"audioPlay":false,"sceneViewState":{"m_AlwaysRefresh":false,"showFog":true,"showSkybox":false,"showFlares":true,"showImageEffects":true,"showParticleSystems":true,"showVisualEffectGraphs":true,"m_FxEnabled":true},"in2DMode":false,"pivot":{"x":-0.0032365620136260988,"y":0.02241000533103943,"z":0.0763813853263855},"rotation":{"x":-0.2421806901693344,"y":0.5770263075828552,"z":-0.18442793190479279,"w":-0.7579145431518555},"size":0.25980764627456667,"orthographic":false}